,cosmo_solubility_g_100g_log,solute_chiral_u,solute_reactive,solute_SlogP_VSA6,solute_SMR_VSA4,solute_PEOE_VSA+4,solute_logP(o/w),solute_PEOE_RPC-,solute_a_ICM,solute_rsynth,solvent_rsynth,solute_PEOE_VSA-0,solute_radius,solute_a_nN,solute_balabanJ,solute_GCUT_PEOE_2,solute_PEOE_RPC+,solute_PEOE_VSA-4,solute_PEOE_VSA_FPOS,solute_SlogP_VSA1
butylparaben,0.5937695966570908,0.0,0.0,0.0,0.04665096585435162,0.04512954846405173,0.03314499274297244,0.0,0.0,0.05143599731288293,0.0,0.04387974515030581,0.0,0.0,0.0,0.0,0.0,0.0,0.07551192610037813,0.0
iodopropynyl butylcarbamate,0.4244572318984108,0.0,0.12321897633206959,0.0,0.012637602275588793,0.0,0.0,0.0,0.0,0.0,0.0,0.01639891910093628,0.0,0.0,0.0,0.0,0.0,0.0,0.0,0.0
propylparaben,0.4669322289054747,0.0,0.0,0.0,0.02425194634582481,0.0801435769073157,0.0,0.020805447607912104,0.027055053343253713,0.06791997058090594,0.0,0.0954525546563042,0.0,0.0,0.0,0.0,0.0,0.049330258803876655,0.07423260758809959,0.025854287740947068
frambinone,0.4904702639496127,0.0,0.15724137332331534,0.0,0.028425448751925486,0.03772154524847263,0.0,0.03292733112275236,0.05271228239416265,0.17419875802714008,0.0,0.0,0.015961433069123933,0.0,0.0,0.0,0.0,0.01819280423701662,0.0,0.0
2-aminopyridine,0.4182211580795133,0.0,0.0,0.0,0.0,0.0,0.0,0.18517943102593484,0.0,0.0,0.0,0.0,0.0,0.0,0.0,0.0,0.0,0.0,0.0,0.0
triclosan,0.21446958088767668,0.0,0.0,0.06709090661242613,0.0,0.03079199843282132,0.0,0.0,0.0,0.0,-0.027866427935628546,0.0,0.0,0.07309735081771956,0.0,0.0,-0.02106970049254947,0.0,0.0,0.0
diphenylamine,0.0,0.0,0.0,0.0,0.0,0.0,0.0,0.23024242188245694,0.15629074217232825,0.22079526143602654,0.011674765137927652,0.0,0.020863347549775983,0.0,0.0,0.0,0.0,0.03686432521562704,0.05900883443867134,0.0
ketoprofen,0.3545806888592672,0.24451535570360963,0.1404836552859252,0.13013052515788326,0.026253603185225762,0.010790969698826912,0.023215156114483992,0.0,0.04173797298213422,0.01983487142543933,0.010727325890380966,0.0,0.0,0.01611842036038639,0.0,0.0,0.0,0.015684200299897682,0.0,0.0
hydroquinone,0.31813303833307965,0.0,0.0,0.0,0.0,0.0,0.0,0.0,0.0,0.0,0.0,0.0,0.10412131389687122,0.0,0.0,0.0,0.0,0.0,0.0,0.0
ibuprofen,0.4006272076669995,0.2088814127759194,0.0,0.11952957442802516,0.03342675972655546,0.0037307403520426903,0.022052391786302167,0.03455493489774398,0.04174827084226615,0.017228550908277542,0.0,0.0,0.0,0.012589907714341101,0.0124131531611541,0.0,0.048738317164299716,0.004963629179432869,0.0,0.0
4-hydroxy-3-methoxybenzaldehyde,0.34511138082637965,0.0,0.16845118567046127,0.0,0.0,0.0,0.0,0.046687918539294056,0.0,-0.007918736136445803,0.0,0.0,0.08323866960127833,0.0,0.07914094715379624,0.0,0.0,0.0,0.0,0.0
"oxolane-2,5-dione",0.10720898307740202,0.0,0.0,0.0,0.0,0.0,0.0,0.0,0.0,0.0,0.0,0.0,0.03161107793665501,0.024588033258729772,0.0,0.01830917131321048,0.0,0.0,0.0,0.0
d-(-)fructose,0.1537321723539694,0.0,0.0,0.0,0.0,-0.08954136575556687,0.0,0.0,0.0,0.057456256907695534,0.0,0.0,0.0,0.0,0.0,0.0,0.0,0.0,0.0,0.0
gw640129x,-0.041114759010103606,0.0,0.09876042495960947,0.0,0.021723736158461106,0.029800086615742988,0.029534750232034668,0.0,0.0,0.0,0.0075807567167580445,0.0,0.0,0.02076858431745581,0.0,0.11951807507895651,0.0,0.00930474749543375,0.0,0.00842280826078714
Benzoic acid,0.23272938479733185,-0.0011426635816374718,0.0,0.0,0.01157011302308372,0.01608091293808716,0.0,0.10866241063862894,0.003097228424856721,0.009890163506008248,0.004327392077610528,0.004879031059681817,0.02478418810473453,0.021341850712485965,0.003289046424935442,-0.0016639174064139622,0.07737853436414342,0.01726993100741555,0.00213880859091814,0.0
phenylphosphinic acid,0.10651945297023045,0.05734138778859164,0.14676065571697142,0.0,0.0,0.01841576778499625,0.0,0.0,0.0,0.06944297904151504,0.0,0.030960150711480477,0.0,0.0,0.0,0.0,0.0,0.0,0.0,0.0
Testosterone propionate,0.10804885847787242,0.0,0.0498038085268265,0.0,0.0,0.006945781302689552,0.023434229126317936,0.0,0.008820492418168941,0.0,-0.005039021281379014,0.0,-0.00804444456569324,0.0,0.0,0.04174659919874424,0.0,0.002387036287159028,0.0,0.0
"2-(2-bromoethoxy)-1,3,5-trichlorobenzene",0.17991517528600318,0.0,0.03410174136163107,0.1660377007515845,0.0,0.0,0.012147226934393676,0.0,0.0,0.0,0.0,0.0,0.004048414990370967,0.0,0.008781936127457502,0.0,0.0,0.014140248267320339,0.0,0.0
"2-hydroxypropane-1,2,3-tricarboxylic acid",0.02871404900842569,0.0,0.0,0.0,0.014614196784976531,0.0,0.0,0.0,0.0,0.0,0.019007913577620817,0.014217609712617152,0.0,0.014496122032296227,0.2460086317736887,0.00897466627713369,0.0,0.0,0.0,0.0
gsk2904390a,0.3118248595887559,0.0,0.09306512967782903,0.0,0.0,0.0,0.0,0.0,0.020481305721142457,0.0,0.0,0.0,0.0,0.0032274183590750272,0.0,0.1394744212578863,0.0,0.0,0.0,0.0
(benzyldisulfanyl)methylbenzene,0.08579460110942426,0.0,0.04686127416650877,0.0,0.0,0.0,0.043228709702240666,0.0,0.0,0.024379835973934873,0.0,0.0,0.0,0.0,0.0,0.0,0.0,0.0,0.0,0.0
"pyrrolidine-2,5-dione",0.13952405743392296,0.0,0.0,0.0,0.0,0.0,0.0,0.0,0.0,0.0,0.011962453379327885,0.0,0.02790858291205713,0.0,0.013318060800405056,0.0,0.0,0.0,0.0,0.0
sclareol,0.1634982285484021,0.0,0.0,0.005710964191521188,0.013479849061199005,0.0,0.024181205086776614,0.0,0.008800353072948845,0.0,0.0,-0.005128901910875665,0.0,0.0,0.0,0.027831723838438873,0.007476530554170618,0.0,0.0,0.0
3-[bis(3-hydroxypropyl)phosphoryl]propan-1-ol,0.13523685247299144,0.0,0.0,0.016912488141648033,0.0,0.016731593017039442,0.0,0.014419956186447437,0.0,0.026415892666575253,0.0,0.013305175825161985,0.0,0.0,0.12925687512906783,0.0,0.0,0.0,0.0,0.013314205516969152
salicylic acid,0.1745603897605068,0.004310517731717477,-0.00025676471107114016,0.0,0.011440261420990527,0.0003001397132537464,7.988903349129297e-05,0.004826297817385131,0.003894766162902867,0.024892303028288917,-0.0030224420609900916,0.018273168377223828,0.025081070715017,0.012903681869763772,0.006399541695584366,0.0,0.019911987629972747,0.0,0.0,0.00241642158948018
4-aminobenzoic acid,0.1676249661349674,0.0,0.0,0.0,0.009034052879944384,0.01644614456358156,0.0,0.012809379787454016,0.0,0.018974376659797374,0.0,0.04395149732582095,0.02437202666144789,0.0,0.0033856921366801256,0.0,0.0073915381993561145,0.0,0.0,0.007001225760509396
haloperidol,0.2206097263530246,0.0,0.07887959594929529,0.01714756547687282,0.003800709647691465,0.002198485695972431,0.02584524458609093,0.0,0.0,0.0,0.0011222088498456988,0.0,-0.010038286249573656,0.0,0.0,0.0,0.0,0.0,0.005103224413562402,0.001434524304206384
"n-(1-oxopentyl)-n-((2-(1h-tetrazol-5-yl)(1,1-biphenyl)-4-yl)methyl)-l-valine",0.14036653220604256,0.0,0.0,0.0,0.0,0.0,0.0,0.0,0.0,0.0,0.009752034550282505,-0.039660072890932076,-0.044802644872148134,-0.05230309718648332,0.0,0.0,0.0,0.0,0.0,0.0
carbamazepine,0.08001500644679548,0.0,0.0,0.0,-0.0653902123744347,0.0,0.0,0.0,0.005170687602717908,0.0,0.0,0.0,0.010954077597734601,-0.0015502753511184167,0.0,0.0038596477684838372,0.015477336626544347,0.0,0.019700426788076503,0.0
gsk3388354a,0.043841623880495666,0.0,0.03399164476319596,0.0,0.0,0.0,0.0,0.0,0.02842258773528974,0.0,0.015227280455962566,-0.012375528992524054,0.0,0.017764098440719026,0.0,0.0,0.0,0.0,0.0,0.0
lovastatin,0.0,0.0,0.06867132276165185,0.0,0.0054079441598341195,0.004748854537880451,0.019915681778959228,0.0,0.015110649665537434,0.0,0.015521232057971866,0.0,0.0,0.0,0.0,0.0,0.0,0.0,0.0,0.0
naproxen,0.0836354492556151,0.0,0.0,0.08350436681362455,0.0,0.013427088969039642,0.014851599752402266,0.0028527146624668796,0.023622574255321684,0.0,-0.009135332109133523,0.0,0.0,0.009961456973853805,0.0,0.0,0.0,0.0062723907923943134,0.0,0.003955308827857827
maltol,0.07114292941930246,0.0,0.0,0.0,0.006045329373222014,0.0,0.0,0.0,0.0,0.0,0.008252397938245034,0.007472315070049739,0.02003131348983738,0.0,0.002553832635944997,0.0,0.004932050225014477,0.0008625041661940394,0.009387924018871275,0.007851339573466122
gw342946x,0.0,0.0,0.0,0.0,0.015818530267547166,0.007656625643587032,0.0,0.0,0.0,0.0,-0.019152640415551144,0.0,0.0,0.0,0.0,0.0,-0.004736165900171236,0.0,0.0,0.0
octadecanoic acid,0.02000307203558137,0.0,0.0,0.0,0.0,0.0,0.012990227107255281,0.017133358513470382,0.0,0.0,0.0,0.0,0.0,0.0,0.0,0.0,0.0,0.0,0.0,0.0
quercetin,0.25651753710139724,-0.00787485808013783,0.0,0.0,0.0,0.0,0.0,0.0,0.0,0.0,0.0,0.010100720299257458,0.0,0.0,0.0,-0.027108566316694976,0.0,0.0,0.0,0.0
Testosterone,-0.17290040479589844,0.0,0.0,-0.01013694774722247,0.023695958890320366,0.0,0.0,0.0,0.0961397460176779,-0.01584025324740026,-0.029441367441637778,0.0,0.0,0.0,0.0,0.0,0.0,0.0,0.0,0.03592350069413012
diclofenac,0.008317737893008548,0.0,-0.005912595171007345,0.14049855154857155,-0.009736094152086353,0.009534593331208732,0.013560969987428057,0.0,0.0,0.006104888300360607,-0.012293722850396926,0.0,0.0,0.002724417878634997,0.0,0.0,0.003483153293730362,0.002612939353579324,-0.007958316893102108,0.0
"3,4-dimethoxybenzoic acid",0.08146319987239509,0.0,-0.005294123977754554,0.0,0.01878412906016586,0.0,-0.005076730151634363,0.0,0.0,-0.010205274849187264,-0.0013215936720262272,0.010654973545241442,0.0061235277221537284,0.017152282183206906,0.0,0.011532704377410918,0.0,0.0,0.0,0.0
acetanilide,0.02019527368442539,0.0,0.0,0.0,-0.0015210126392561094,0.018844133433344856,0.0,0.03685227386177974,0.0,0.031394551635961346,-0.024748499691971432,0.019911767490954482,0.007430322397417807,0.0,0.0,-0.0016721607640415566,0.009806597945859547,0.0032404365737888686,0.03508198980073213,0.0
4-Hydroxybenzoic acid,-0.041173011497371424,0.009169776087438363,-0.009403916557100434,0.0,0.0,0.031189948826023585,-0.00456491653250613,0.0,0.0,0.03091069555182512,0.0,0.017346843557333312,0.06162591023005444,0.013801500494152444,0.016820230239931233,0.0,0.017487755675181346,0.0,0.0,0.0
"3-((6-O-(6-deoxy-α-L-mannopyranosyl)-β-D-glucopyranosyl)oxy)-2-(3,4-dihydroxyphenol)-5,7-dihydroxy-4H-1-benzopyran-4-one",0.009119657775815661,0.0,0.0,0.0,0.0,-0.012562453976856059,0.0,0.0,0.0,0.0,0.0,0.0,0.0,0.0,0.0,0.0,0.0,-0.0058066792675063395,0.0,0.0
phenacetin,-0.038274002265999876,0.0,-0.011265090587913505,0.0,-0.021808597361050397,0.00449444210179199,0.0,0.0,-0.006165589672831496,0.017419639178681025,-0.009809999371237553,0.0,0.004892167150978129,0.0,0.0,0.00684446681479154,0.0,0.00511366913333047,0.03408895160837567,0.0
isoniazid,-0.04186370890186932,0.0,0.03286911061022258,0.0,-0.08391290955168063,0.0,-0.03997396399951629,0.0,0.0,0.0,0.0,0.0,0.0,0.0,0.0,0.0,0.0,0.0,0.0,0.0
"2-hydroxy-1,2-diphenylethanone",-0.02305529695811386,0.12226859669528285,0.01662478581229679,-0.0009222847126349534,0.009412153078809911,-0.00679562944927074,0.0,0.0046622041617987164,0.015850851330342232,0.007604540572129625,0.0,-0.01620899593621964,0.0010473748240794076,0.0,-0.001621836231456404,0.0,0.006944460315765423,0.0,-0.0036008486552634804,0.0
"4,5-bis(hydroxymethyl)-2-methylpyridin-3-ol",0.026266028199545682,0.0,-0.009931586061348054,0.013225529038885242,0.014535853547630892,-0.026085918268783596,0.0,0.0,-0.013032416676400713,-0.0038577272804600493,0.0,0.021899550838696626,0.0,0.0,0.0,0.0,0.0,-0.00964295363332258,0.0,0.0
paracetamol,-0.10643852015305412,0.0,-0.0026370639256597496,-0.0010758222075705913,-0.017098472481791725,0.007508413532692725,-0.00957057359041492,0.0008425391006297735,0.0,0.009807216056800027,-0.018133810981373306,0.012886870625665136,0.016120935893041033,0.0031410005079006405,0.0027545190912831117,0.0,0.002749400137609154,0.0,0.0012635073218071073,0.003955516768446288
"2,2-dichloro-n-((1s,2r)-1-(fluoromethyl)-2-hydroxy-2-(4-(methylsulfonyl)phenyl)ethyl)acetamide",-0.008810496686909105,0.0,0.031307823133738505,0.0,0.0,-0.032799805897655146,-0.005281768237081998,-0.00825611102376449,-0.009022241243473044,0.0,0.008855492236299117,0.0,0.0,0.0,0.0,0.0,0.0,-0.033265252356489326,0.0,0.0
gsk2894512a,-0.0842324305316754,0.0,0.0,0.016049098805843234,0.00459327599037383,0.0,0.0385240787018561,0.003696205920273469,0.007428421078680297,-0.018006936452539018,-0.004463326509533205,-0.01757259912623138,0.0,0.005267212294517672,0.0,0.0,0.0,0.0,0.04538136703659673,0.010499411181089246
"1,3-benzenedicarboxylic acid",-0.15777883334876922,0.0,-0.004254155581865064,-0.00428102341506508,0.010281959687488644,0.007888010469537566,0.0,0.0,0.0,0.0,0.0027431650515979773,0.0,0.012197540502543089,0.014104396272721472,0.0,-0.01356367437736955,0.0,0.006971453234168092,0.0,0.0
metacetamol,-0.2199980781582127,-0.0044594797148053015,-0.0021486678239069096,0.0,-0.01426587423154334,0.02336482596147864,-0.003967594747730624,0.0,0.0,0.005206894918592084,0.004238821471775973,0.011765471768127598,0.039914039481846124,0.006053182620213146,0.005453737681613789,-0.002763112649523237,0.0,0.0,0.009171981729305383,0.0
lamivudine,0.03648640237046158,0.0,0.03814784104544904,0.0,-0.10296020444756139,-0.013749535286124446,-0.02532323276426833,-0.003737656408276252,-0.025725643951108584,0.0,0.0,0.006507444028515701,0.0,-0.022889013431161395,0.0,-0.013712811837684788,0.0,-0.004045293389908732,0.0,0.0
"2-[(6-oxobenzo[c][2,1]benzoxaphosphinin-6-yl)methyl]butanedioic acid",-0.2297306026455962,0.30722011457948817,0.0,0.0,0.0,-0.017879266483010876,0.0,0.0,-0.002680203875471496,0.0,0.0,0.0,0.0,0.0,0.0,0.0,0.0,0.004783848366999629,0.0,0.0
"(2S)-5,7-dihydroxy-2-(3-hydroxy-4-methoxyphenyl)-2,3-dihydrochromen-4-one",-0.045287908339003105,-0.012098303677475346,0.05279474430440798,-0.008627172866195949,0.0028894202937256993,0.010227272553544232,0.004898704137351308,0.0,0.0,0.0,0.0,0.0004106962236169782,0.0,0.0,0.0,0.0,0.0,0.003108643364317827,0.0,0.0
mefenamic acid,-0.10939461329382053,-0.003659789633108797,-0.0069291672383555575,0.0,-0.04740912042062578,0.019109056497678887,0.013501404510965395,0.0,0.0,0.0,-0.03185576708081885,0.0,0.010142664552049962,0.0,0.0,0.0,0.0,0.0,0.0,0.004908494426138412
hexanedioic acid,-0.20249820787453107,-0.010204770630547207,0.0,0.0,0.029379014419421805,0.0,-0.01707500863622657,0.0,0.0,0.0,0.0,0.0,0.0,0.0010763473684239713,0.024259813155748843,0.0,0.0,0.006586705118583234,0.0,0.0
sulfamethoxazole,-0.3055400287904774,0.0,-0.03672178132021629,0.0,-0.06247802959184904,0.0,0.0,0.0,-0.020103532530771344,0.0,0.0,0.0,0.0,-0.01679353844482642,0.0,0.0,0.0,0.0,0.0,-0.006560526776509581
ascorbic acid,0.2095515936610965,0.0,0.0,0.0,0.0,-0.11823791730117991,0.0,-0.0205367471353879,0.0,0.0,0.0,0.0,0.0,0.0,0.0,0.0,0.0,0.0,-0.035853174947747736,0.0
sulfamethoxypyridazine,-0.08834282629037588,-0.001747932869053006,-0.010023584613453696,-0.0018765773588942903,-0.021154968186246195,0.0,0.0,0.0,-0.015584242278752908,0.0,0.0,0.0,0.0,-0.03240429005270291,-0.003076962930079844,-0.002664059461675268,0.0,0.0,-0.000955894816725611,-0.05040005512195676
311-03-5,0.04647626878695305,0.0,-0.005376441447015481,0.0,0.0,0.0,0.0,0.0,-0.002050349735821688,0.0,-0.002351135670888222,0.0,0.0,-0.000721669002441397,0.0,0.0,0.0,0.0,0.0,0.0
trimethoprim,-0.5874641813826097,0.0,-0.012514678645215084,0.0,0.0,0.0,-0.007882898073249552,-0.01093226936519582,0.0,0.0,0.009359251471807079,0.0032838646538788856,0.0,-0.00753935487451308,0.0,0.0,-0.009029180180020966,0.0,0.0026795128133715396,0.0
theophylline,-0.08021761981855366,0.0,0.0,-0.008211919232546366,0.0,-0.020407695678644453,-0.02326157230339769,-0.009237914789582346,-0.011193493323613326,-0.0035107340941266094,0.0,0.0,0.0,-0.017813119280041655,0.0,0.012389381590169406,0.0,0.0,0.0,0.0
gsk1278863,-0.13028953343492647,0.0,-0.0029889681390435443,-0.01670799455579187,0.0,0.0,0.0,-0.0019908521410666826,-0.0012606349652273068,0.0,-0.020795687855098395,0.0,0.0,-0.01732303099505021,0.0,0.0,0.0,-0.004032238679137373,0.0,0.0
"(2R,3R,4R,5S)-hexane-1,2,3,4,5,6-hexol",0.016840423703634342,0.0,0.0,0.0,0.0,-0.1549622310653702,-0.02204851930835484,0.0,0.0,0.0,0.0,0.0,0.0,0.02747651964481133,0.012630432175642881,0.0,0.0,-0.05417956000414166,0.0,0.0
3-pyridinecarboxylic acid,0.034292456144613105,0.0,0.0,0.0,0.0,0.0,0.0,0.0,0.0,0.0,0.0,0.053718172782169886,0.0,-0.017378858447491947,0.0,0.0,0.01542846686075453,0.0,0.0,0.0
gsk2598883a,-0.08857536945803417,0.0,-0.011676895159204356,-0.006327783524176113,0.0,-0.04453151814876708,-0.054468655294671355,-0.01600843069916905,-0.0022802028798071224,0.0,-0.022741233503325974,0.0016331936261409423,-0.004885163651104561,-0.002019925888020404,0.0,0.0,-0.003278349393524206,0.0,0.0,0.0
piroxicam,-0.1629629825585444,0.0,-0.005730380588302378,-0.006407565277271083,-0.061915245539768224,0.010943694015825326,-0.031467372280309415,-0.015496433410329823,-0.014969560998782596,0.0,-0.01579294913387073,0.0,-0.0017697922582932913,-0.012951407629874848,0.0015856491978565456,-0.0027243472039526822,-0.012837869925504064,-0.03838168124505288,0.0,-0.058102192485242635
indomethacin,-0.25908665323616936,0.0,0.0,0.06232928317726109,0.0,0.0,0.07109314408640045,-0.04053239988827618,0.0,0.0,0.0,0.0,0.015296710064248174,0.0,0.0,0.0,0.0,0.0,0.0,0.0
Sulfapyridine,0.27568459454584987,0.0,0.0,0.0,0.0,0.0,0.0,0.0,0.0,0.0,0.0,-0.023918149471229624,0.0,-0.004054683920963416,0.0,0.0,0.0,0.0,-0.05886897979620104,-0.11662495118903662
N-(pyridin-3-ylmethylideneamino)pyridin-2-amine,-0.3509429327774716,0.0,0.0,0.0,0.0,0.0,0.0,0.0,0.0,0.0,-0.14211944771566323,0.0,0.0,0.0,0.0,0.0,0.0,0.0,0.0,0.0
fumaric acid,-0.5783620016222727,0.0,0.0,0.0,0.0,0.0,-0.04392442284303058,0.0,0.0,0.0,0.0,0.0,0.0,0.0,0.05114676267023996,0.0,0.0,0.0,0.0,0.0
hydrocortisone,-0.16625789144004358,-0.0034122038694171333,0.0,0.0,0.0,-0.09658989006024944,0.0,-0.0030288681701748075,0.0,-0.010974086497919658,-0.025554267417868568,0.0,0.0,0.0,0.0,0.0,0.0,-0.12012644347820763,-0.005881579443853857,0.0
sulfadiazine,-0.6203913098144705,0.0,-0.0031471287342721955,-0.001245120197797063,-0.037144790809468635,-0.0066459204845220375,-0.058254843665641515,0.0,-0.054745181948061904,0.0,0.0,-0.08750993573321411,0.0,-0.019542978141151218,0.0,0.0,0.0,0.0035612703245329136,-0.06015715901138419,-0.028772786346071152
2-aminoacetic acid,-0.09223172388694756,0.0,-0.020099651666402346,0.0,-0.2101582812220429,-0.041150079365064075,-0.12464021117691063,0.0,0.0,0.0,0.0,0.0,0.0,0.0,0.0,0.0,0.0,0.0,-0.0209264673482511,0.0
glibenclamide,-0.11082051226633924,0.0,-0.020524510755952154,0.0,0.0,0.0,0.0,-0.006891163969143293,0.0,0.0,0.0,-0.017851733504959368,-0.08537655725223532,-0.03335320958652662,0.0,0.0,-0.020144900144105582,0.0,0.0,-0.06050578649095184
