solute_name,solute_FP_315,solute_FP_378,solute_FP_1876,solute_FP_222,solute_FP_1762,solute_FP_935,solute_FP_1536,solute_FP_656,solute_FP_114,solute_FP_227,solute_FP_1991,solute_FP_1009,solute_FP_145,solute_FP_883,solute_FP_4,solute_FP_191,solute_FP_310,solute_FP_888,solute_FP_1199,solute_FP_1683
butylparaben,0.04396212356846081,0.024963803462320355,-0.007839499092486222,0.011709072031058896,0.026405388302926436,0.015844654112792338,0.012043758652580436,0.019349889845805594,-0.002723359510564478,0.008851153963907564,0.00654891840016353,0.01113658206287073,0.11839103105550748,0.007525829184334726,0.007879800347061972,-0.005287046115510748,-0.0003769797219429165,0.004982126628456172,-0.0060106903301712,0.009751310178486164
iodopropynyl butylcarbamate,0.038024141739430584,0.02156969883582216,0.21794247506842415,0.018424268213111644,0.020140993455758385,0.015705684613118744,0.009304957520416792,0.016527702246288148,-0.0035192265769001096,0.018725566160592278,0.006076462768299582,0.010536750369113482,0.13945069280545794,0.008493458251226304,0.006908755759662502,-0.006768530018368134,-0.0017476295923036865,0.007610213185325847,-0.007231969571324347,0.01713492929935455
frambinone,0.034537890575129494,0.021602368914873295,-0.01197361832299066,0.014862021217099937,0.01805511560431114,0.018560088765043475,0.011981119199817841,0.0141099132655836,-0.004510346584402214,0.013972716400094214,0.005509081006593988,0.008368802284840058,-0.007848248751888606,0.009465891246654791,0.008705152018676473,-0.00482310448880753,0.07720906671459943,0.007099691527557753,-0.0068143448235287,0.014793079152609608
propylparaben,0.0425037373397087,0.024985748723781096,-0.012364932525670155,0.014290886467012267,0.026105024921513783,0.021969319429651173,0.013200182175423833,0.01821259615261321,-0.004512847469310751,0.011023519393856986,0.006286303518306037,0.011631028807993668,0.11898550084236377,0.009845710664230865,0.010454115529164483,-0.004951011336973655,-0.0031704730693551636,0.00617760543173669,-0.005838683071057556,0.01246583819432999
2-aminopyridine,0.05488450544708758,-0.1354734142915113,-0.012744171066966372,0.017252232107974125,0.018376308978607994,0.016794660126237433,0.008777519940194907,0.015484598348572035,-0.004333733148436296,0.006130112062819535,0.005803979423522833,0.010248380406061188,-0.006240843883548223,0.005215365268639289,0.008898177325958387,-0.003821939777433727,-0.005484996906583547,0.006555338337588182,0.018625872560121933,0.0071167872481455565
diphenylamine,0.02089376403499045,0.03187091564058695,-0.01181972347481254,0.020873997747985415,0.023666763271418558,0.021126310678034013,0.01784033399208662,0.014226369579531212,-0.007771227583616564,0.005651776119145021,0.02004315342157497,0.011061133222732071,-0.006961605045398754,0.009142477998296575,0.008349739311776527,0.109983743237705,-0.008418756533962247,0.0037026663023243603,0.02152424103232382,0.002965169932867866
ibuprofen,0.031214559674668484,0.019238137572744934,-0.012365153034084128,0.017720649337300495,0.02122846184381935,0.01443353322974333,0.012233836324853151,0.01727432964323035,-0.004590569325954574,0.0156856255321017,0.007312774455035483,0.00923437254106156,-0.006696334255975671,0.01004495981906075,0.008421186509150613,-0.005819527551918697,0.06581691918190632,0.006692264798799375,-0.00724940493542009,0.011726890914817179
triclosan,0.021867672687039885,0.01644276488441392,-0.007676310190836375,0.011334079649968772,0.018526638018665838,0.01126705648493953,0.012485652360628593,0.014765051381546072,-0.002586761596139695,0.012972442387108457,0.007006660385959549,0.006504351102121291,-0.0052026795534402485,0.01001095518222428,0.006698146208796061,-0.008129722959656646,-0.009442095882586727,0.006777503127723321,-0.007918031452281865,-0.061372047920485784
4-hydroxy-3-methoxybenzaldehyde,0.02682201714948557,0.014808088417994442,-0.016424859238807887,0.016697721495438602,0.015102113814937182,0.019584622176237947,-0.07178653278168591,0.014221505456177208,-0.007058259744201981,0.014074837109559061,0.011045741529330069,0.006876153583677175,-0.009595644367558028,0.007217492309088508,0.004369697608926799,-0.006773000267227568,-0.0037197035618009976,0.0076997957926748005,-0.006679264032815505,0.016034157334373352
ketoprofen,0.031575294023694786,0.01951329088210444,-0.010731869241818248,0.01871728153400769,0.019855776513443113,0.019450673461147885,0.014134306691809727,0.02376681511138976,-0.00446783083428692,0.018435403424765143,0.0064174791542665425,0.008331773064710434,-0.008484382062222441,0.009513805874918874,0.008154945441335888,-0.0078952099716466,-0.005589077340286726,0.00697218126853141,0.02615377902676965,0.016240057145819612
"2-hydroxypropane-1,2,3-tricarboxylic acid",0.01774100878730678,0.022682454070097304,0.3762588493651947,0.021253540605830495,0.022923578102940653,0.01791131393287122,0.018340879815932565,0.011841416781747861,0.15100297715712674,0.009264490201729298,0.014319729930979188,0.00884903542545296,-0.008922677811126711,0.01013447514375333,0.008176238571309528,-0.006863446524201373,-0.004340198316564387,0.006299929054222792,-0.0062591589400174345,0.00532481182729746
gw640129x,0.023155317245836613,0.025028146224720334,0.45829631749927646,0.021043324413365552,0.021228654099129926,0.02122097320424473,0.013257297354410183,0.006683544870660625,0.19654404331349906,0.005892855433790828,0.017047596656484528,0.010973441107111284,0.12416288698681366,0.009651249663118505,0.008346881661447697,-0.0043595036673086725,0.05723374140702982,0.004959360931155515,-0.00485356446090907,-0.01372653068006184
(benzyldisulfanyl)methylbenzene,0.0279330614493374,0.028899803328589768,-0.018556989591723323,0.02676576500619012,0.016006630626303378,0.01701376279915712,0.011546911211014959,0.027125149759776833,-0.0069328898732783275,0.010411596851772629,0.010851305644522654,0.01070143283251673,-0.007846026263763633,0.0068431950276717545,0.007396260657573294,-0.009423288816338754,-0.008139489110428258,0.0068800594379572425,0.026114198093273443,0.010280357400566573
gsk2904390a,0.04228343102799954,0.019796570463254285,-0.014592322474663888,0.0152164552493241,0.02105336379021537,-0.06644214226347686,0.011422944278870091,0.010858797388909807,0.05317206287212912,0.01077253744348127,0.006949365089712956,0.010114179521606275,0.1135222604861076,0.010153883255406983,0.008652098023121653,-0.004320854917768884,0.05040513068131872,0.006997673766218213,-0.005618676451858846,-0.04839156705196047
hydroquinone,0.026196490771035315,0.02486620791902169,-0.014506686606036965,0.019761404050759664,0.026836293683954862,0.018551479597081196,0.013658283026597929,0.012906947743595083,-0.007001463576343667,0.014966294084297262,0.0052191202516405615,0.00936624894515262,-0.013879588429626891,0.012004079560065294,0.013068037748653297,-0.00647423758819059,-0.00856577225793444,0.008334242667224316,-0.011729107637656853,0.011088335778331383
Benzoic acid,0.03157385848948331,0.02133321135324798,-0.015008229035103559,0.020326213024363823,0.02286748665839221,0.01781596468788769,0.0116647210866216,0.020857392932673025,-0.005659980221748613,0.013678893056831325,0.008817785342683276,0.00871720839139965,-0.008532729243316167,0.00841126454567648,0.0076019497270784124,-0.007690274386460537,-0.005613713058452128,0.006815672596595781,0.0264973310448018,0.01241311442132428
"oxolane-2,5-dione",0.02608449545348776,0.02858569243715465,-0.017119421369734482,0.022744014104046074,0.012613448052070453,0.022317708122500335,0.009886041373902118,-0.08050495230757405,-0.006649264932166261,0.010907584255983238,0.010732547393199638,0.007571645950774837,-0.00844583537973449,0.00654894220737333,0.006423571433360848,-0.007772084559765063,-0.008698233051727584,0.004524508886397598,-0.006991263243380672,0.009820716040358092
salicylic acid,0.026465397971324273,0.024369739159677554,-0.01732074615423335,0.01842606749084807,0.017586569101053464,0.018022748473033427,0.012842125393588503,0.02086965464271925,-0.0066246926991894725,0.01252200910935935,-0.049227700327659114,0.008427853483142098,-0.009604911936435383,0.007609313660231419,0.0075335155484048295,-0.006336525203996279,-0.004722389213013958,0.0064630737197028795,0.02440224589050376,0.011156278747935722
Testosterone propionate,0.03605034407205721,0.026217386542261634,-0.01541881435938194,0.023057318942055646,0.0183326331876151,0.016313239362661987,0.013648418732732353,0.01110289892196306,-0.008495418896095544,0.008741097905531205,0.009413560362700081,0.01190537544000108,-0.007805781935612686,0.00735479888287955,0.006223547427290441,-0.0054926692101651044,-0.0036577925472465723,0.006420731035736935,-0.00464209368588854,0.008661806370537307
4-Hydroxybenzoic acid,0.02366265230267891,0.028975411766594333,-0.01410372513809216,0.0157494823541856,0.018231643135964988,0.01650476708389033,0.012631867460841023,0.012305513113205963,-0.008017935909675544,0.006773087382054654,0.006515017320547485,0.008840702914225403,-0.007722316348637832,0.008859216627082788,0.006388514508410481,-0.005848576341260014,-0.006502970725669003,0.006426646337181411,-0.012416983625620558,0.005256377048768627
d-(-)fructose,0.03525001882914997,0.030603375657956348,-0.023615143899869507,-0.18725813238900932,0.018077055579827476,0.019011379284008097,0.009142284101981204,-0.07607870420909119,-0.01047345311587075,0.003354078625464657,0.007333555022826961,0.01536621826303114,-0.0060314262681094985,0.005239762332445631,0.007054755275033434,-0.005753704024561254,-0.0014898785672812663,0.005577616851357259,-0.008147323172355149,0.0030748118887034552
Testosterone,0.01674052015434427,0.021849837590104167,-0.017563857428879903,0.01732892108603361,0.020236845912240824,0.01632285894588373,0.018973768731284507,0.006780739241567062,-0.008886016194216305,0.008347915728845691,0.012866652407174115,0.007968376583594363,-0.011284740622177195,0.009638253173713262,0.0075299714732439795,-0.007254183042959994,-0.0069789542273550375,0.004226020209480339,-0.006230520922435971,0.0069306445836627975
sclareol,0.029675930028229644,0.018494356452481705,-0.01560841018065482,0.015225911864763474,0.01732931339848702,0.01409944899152668,0.011497764972935493,0.0101969865275367,0.12402235563891736,0.00962814257680293,0.00869842224073099,0.0070223547461567,-0.008156051034395866,0.008646519904247146,0.0038436617970166315,-0.00571265842626913,-0.00524091774259432,0.005675820552132791,-0.00738932122292681,0.010319548359921927
"2-(2-bromoethoxy)-1,3,5-trichlorobenzene",0.026956753725607997,0.01787183316018075,-0.01255329427795784,0.013493973303167357,0.025700370193683608,0.01459658430322244,0.017163285263897186,0.016593195164428576,-0.004357172632039042,0.013411329251996772,0.007560121991409687,0.007601265454224112,-0.007962818094570789,0.009661230427986344,0.007883546978179895,-0.007520631338770077,-0.007089940883161034,0.007283319940206638,-0.009716196774544578,-0.049365838061244824
"pyrrolidine-2,5-dione",0.03696357860050436,0.030866476360065082,-0.01456430001097033,0.025298325805172984,0.016200382557775204,0.021008275301307246,0.00855587623562921,0.012153923584592122,-0.007099562546712453,0.009906445344883346,0.008359560182167722,0.010143659068125999,-0.007398947073149126,0.006870449416649838,0.006304568409753605,-0.010527810832190879,-0.005528736279532799,0.006434094680316776,-0.009865299431967288,0.00894142794188762
phenylphosphinic acid,0.041116304983976684,0.025573800920319623,-0.01905197442002342,0.019590531006912593,0.024689530660786357,0.021642976086101648,0.010949133818746001,0.012827354047743331,-0.008005454129064067,0.00836352641878572,0.008886061853020995,0.008039323676154406,-0.00834808999626451,0.008528956073569134,0.005188810623725052,-0.008711269126518649,-0.007767588245308919,0.007073333504861997,0.029680990852178485,0.0081335296134057
gsk3388354a,0.030573548954271248,0.025918983119627228,-0.0164457670765179,0.02301731759483248,0.01785724169853243,0.01847453816178521,0.011826851226256362,0.017774181929235053,-0.009719464289581602,0.006838352459453745,0.011358889352320278,0.010693020018744781,-0.007480597678212299,0.0064451231253666,0.006936416254850752,-0.0069063373248146875,-0.005362604934323048,0.00411321712593365,0.016818651093864382,0.00442059786453943
3-[bis(3-hydroxypropyl)phosphoryl]propan-1-ol,0.01901562105399145,0.022125853289159555,-0.019206610767349568,-0.2046496353760033,0.025832391779944636,0.017312516630284207,0.014677839472881584,0.01123284633782792,-0.009293606779174296,0.016042360993191583,0.007961638939876657,0.008337858127529867,-0.012022752073524835,0.010887388613690357,0.009215160342025358,-0.00922728594952787,-0.007278721830620531,0.0071716783081787324,-0.010947663547475324,0.009194684929144778
4-aminobenzoic acid,0.025443360971660393,0.025226040340914548,-0.019027215278981505,0.020497445339929983,0.021748374204539383,0.019389023845476912,0.015225356283413323,0.009833241652884074,-0.008311889725754251,0.011739360622401971,0.008417532909249228,0.00879072614518615,-0.010574739275106064,0.0101727558679025,0.008370488165746185,-0.008989139744136386,-0.006148113771097996,-0.10894346126908447,-0.011672918077922078,0.008016866432318541
acetanilide,0.026362988939101797,0.02315377742581859,-0.018494833914755305,0.022118362258597698,0.019760160553169044,0.019453541342788868,0.013838153018416507,0.014375577075302317,-0.009232556757315252,0.0069676307879672095,0.012068774860745179,0.010176753419145826,-0.009173261029666264,0.0075912776762379515,0.008177368166643646,0.07056822219057608,-0.005585613432508581,0.005701305388133733,0.024320387027189555,0.004964726032567341
haloperidol,0.03066892150558068,0.02353974158191984,-0.016613611612080532,0.015561778220893616,0.02108065953125053,-0.08053626891400759,0.016237187292675887,0.01117009776346654,-0.005376418603698487,0.009395271974325834,0.00694742070981542,0.010207034853676585,-0.008759426737036008,0.007068543346070397,0.006291776787122496,-0.0048375578564253795,-0.004802905354030932,0.004836122832398709,-0.008852160862572,-0.04814400860193788
naproxen,0.02429077507696408,0.021637470380575848,-0.01703666512762186,0.020568867337890203,0.016078809140608722,0.018239914234943554,-0.06665213355667102,0.012175676817994006,-0.008183777702697919,0.010448677436077325,0.01029372931305965,0.00878612073652602,-0.009674626565256696,0.008601280827161615,0.005904457822795056,-0.008542684018878595,-0.006699132654416204,0.005363745035069916,-0.00828429417258444,0.008590947154893178
phenacetin,0.02028344367004008,0.019647646120922995,-0.018967364303588773,0.024209942567159876,0.016913563550125608,0.02002735994031744,0.011396479421122681,0.006007586727851698,-0.011261315722669158,0.006864799782862454,0.011725218748875445,0.009662431439428475,-0.010443680285898153,0.007767299138171697,0.006859965145118849,0.036976800507153317,-0.0065301938637782895,0.005068523083095247,-0.00833085187290894,0.005109761255412845
carbamazepine,0.022483863827710594,0.029461325059350202,-0.015556223062099889,0.022690212170877203,0.02162799998792616,-0.09177049849346076,0.01586242172657512,0.013711455470453073,-0.009697872790777183,0.006465441016080149,0.011397094456944614,0.010364224397897488,-0.006833200339977338,0.00888539077481255,0.00930673903398565,-0.009297412147149771,-0.006722803884709719,0.00568106027680733,0.018114801040572275,0.003778317694843281
gsk2894512a,0.020255650887732676,0.021888983275057398,-0.02136366749822173,0.03141973954020311,0.021993903701465266,0.013711409046663903,0.011586092006770438,0.012485068642921154,-0.010053860106163484,0.005136106436002592,0.017726938911243148,0.011211830606916919,-0.00902503298594335,0.007415778034095031,0.006618234539879874,-0.009635736967320554,-0.006596144875244742,0.005789556881445605,0.021073260583622563,0.0036661801620842503
gw342946x,0.020414804067186196,0.027188911778490973,-0.0285948411465021,0.025435882336932992,0.018293830851131742,-0.10021890531541429,0.01743068687577761,0.006140266356657473,-0.013927010605239048,0.006171309693624304,0.012287874321967441,0.009287749472180924,-0.009295081011550792,0.008727503874930941,0.009585804437986857,-0.0047563214941556,-0.005916143958529574,0.005525161219605554,-0.008669891402375167,0.0038490932009153764
quercetin,-0.4784109777464755,0.014516130987813085,-0.012102370579304989,0.016406391157734106,0.01466141909986618,0.010931666043397854,0.014339428033999867,-0.09263945489661637,-0.003410719201401662,0.011734190794650204,0.005212400973105105,0.006265341007965617,-0.009051822925721353,0.00591488685895456,0.006849887278694951,-0.0067341888366536295,-0.005170835222506867,0.00556065467809276,-0.007091727738447844,0.012355950188357383
paracetamol,0.018314832240253754,0.01832767520738064,-0.017189215008031798,0.023716488147474592,0.016402088573808073,0.016762392243363136,0.012282526741956436,0.00926907913114449,-0.007814303056609857,0.008851258881530577,0.009901461976218202,0.007216229856975797,-0.010884761108978775,0.007221631387085207,0.005986745504433202,0.0602799870400157,-0.006572677643314539,0.005310955166145364,-0.009019798205335617,0.006896209384473107
lovastatin,0.013044554261754953,0.02556007366313431,-0.01979016132404054,0.026527110046630366,0.015331625798975106,0.02101168285839032,0.014043840480322119,-0.04496469650021853,-0.010354670139048804,0.00870492558133926,0.018342842619177565,0.007617694414022314,-0.010736637852341201,0.00860687471460551,0.007574102443148315,-0.0062359842398390436,-0.009332313421433687,0.0032095170772977744,-0.005915598824054045,0.005058077529376368
octadecanoic acid,0.031785911101554425,0.02427288851458115,-0.025969063634450628,0.014694730607807287,0.024820054629429555,0.02626066543656634,0.0156951780221425,0.012191035725166633,-0.011089178121595373,0.007223861926977406,0.008877157777945588,0.009202385925066968,-0.012907597187938033,0.009035235013288912,0.005308861088524282,-0.007045424484992205,-0.008679354342699903,0.0032116870455865866,-0.006478368432193141,0.0036375646633678115
"(2S)-5,7-dihydroxy-2-(3-hydroxy-4-methoxyphenyl)-2,3-dihydrochromen-4-one",0.023725636549211882,0.017269436675051108,-0.014886462356166055,0.02558105289685565,0.021589750620519876,0.01977817966771649,-0.07447104949506736,-0.06392942821047784,-0.008629694197401738,0.008470923940590833,0.015592478831531479,0.008891585381892842,-0.008509386777295732,0.0077968773056220795,0.004210841753262814,-0.011349672407211204,-0.006940419838522628,0.0052703592173825855,-0.008557413357172793,0.006344965700357404
maltol,0.017081886585186182,0.025286931437934142,-0.016769978016094544,0.020222688356854916,0.020781144506327107,0.020493985021552922,0.012665558092594438,-0.07566567520017718,-0.010215636928022343,0.008902368122121865,0.010893628871025822,0.010361231864259865,-0.009014736619730963,0.010671146492106626,0.008938787447155986,-0.010875310032290423,-0.007839188606029402,0.004715216191209318,-0.009256618743139159,0.004250071573741689
diclofenac,0.02144244970155796,0.027253850163797323,-0.02218840912702535,0.021560862716429256,0.022754165566449956,0.01658949941847277,0.016723310875466267,0.01641727934686969,-0.008021874644788114,0.008138470908665114,0.012547570560469467,0.009022540048477821,-0.0097793929603622,0.007898843143251724,0.007499662269684905,-0.006339033939540513,-0.006341757340007461,0.005340859021692268,0.01661614026020834,-0.017480551842374552
"n-(1-oxopentyl)-n-((2-(1h-tetrazol-5-yl)(1,1-biphenyl)-4-yl)methyl)-l-valine",0.028501760378906813,-0.11845137177727642,-0.009743031945642239,-0.17158800881473021,0.015422461846707543,0.012871513312396323,0.00736128029343187,0.0156306901168864,-0.0036037610634230073,0.014869258156638048,0.004908175438710411,0.007026360680368574,-0.004059656528224878,0.010431638035612803,0.005590896049246415,-0.0077985759573615115,0.05226488847963385,0.005117325189676194,0.007941722806123533,0.010483390065880184
"3,4-dimethoxybenzoic acid",0.018310701377281476,0.020918108012474478,-0.014925206889635093,0.024992464489514532,0.010962251172895777,0.017452172688845167,-0.0784230403987931,0.00942454208410254,-0.008622399601936195,0.008814773071499075,0.012528892925815854,0.008634405613720446,-0.007938512335535962,0.004470467132632621,0.003961761668828103,-0.01471849902545955,-0.00645056627960912,0.004447998357354663,-0.010685059136799282,0.007707360245026393
isoniazid,0.01625286568755655,-0.14111344273411305,-0.025479143287629992,0.02544090891693486,0.02258960165174358,0.023476861879735224,0.01557451391421637,0.008031996569534385,-0.013662589895648124,0.009359332639869536,0.011284436333389748,0.0073021521299961025,-0.014692348539610975,0.011874381448724308,0.009078122055188941,-0.008947118897349355,-0.008089518288579711,0.0059009218345863704,-0.00938042642469327,0.004084782157551672
"3-((6-O-(6-deoxy-α-L-mannopyranosyl)-β-D-glucopyranosyl)oxy)-2-(3,4-dihydroxyphenol)-5,7-dihydroxy-4H-1-benzopyran-4-one",-0.2940125912843555,0.017590878440439283,-0.015397129256515263,0.02435930216021786,0.015927218388507237,0.015250928926096615,0.011412845842070446,-0.05247118171072673,-0.008555431843364464,0.010890749710649418,0.011387307368755243,0.008092592909399952,-0.008776733283354718,0.007458663117057378,0.009360696306179568,-0.010543593477520647,-0.0065532707346210375,0.004079035918601741,-0.007811529098991222,0.00601691024721991
hexanedioic acid,0.02313435135587042,0.021611974929864743,-0.01571077641083889,0.024584765479467023,0.01775603343226976,0.016737614740432036,0.013011144025786053,0.005547959883570002,-0.009361852782768664,0.008920868478253397,0.010355014557289904,0.008614978607602098,-0.009779689760380279,0.007769321886225953,0.006622675786384207,-0.008756905424246498,-0.005963503690363723,0.005880298146121277,-0.010422919112897944,0.0056310442589619925
indomethacin,0.020503060376407423,0.016545935273413002,-0.015419654918562932,0.01235025264005041,0.018127095077361446,-0.09914708816068014,-0.09890089201534769,0.015113177037419519,-0.006001914050454312,0.006298371883603976,0.00855421666308151,0.010091331001458457,0.07929930512630866,0.007906036020431202,0.0040518066162621835,-0.008788557303487323,-0.00403182566583079,0.002835796513487973,-0.007309959547067896,-0.022693580798574354
"2-hydroxy-1,2-diphenylethanone",0.016462399216479753,0.030382156008192093,-0.018699776166286028,0.021990627674519297,0.01416636970944334,0.019154186356578673,0.012022881735395763,0.008729135084677183,-0.012330543346642268,-0.17210062641950266,0.01297646429144758,0.00854416497279696,-0.009096323945239721,0.008448473662926214,0.006022277491976335,-0.00857374539439661,-0.008646211170004487,0.004910366138398482,0.01718449596855483,0.00455824328369393
"4,5-bis(hydroxymethyl)-2-methylpyridin-3-ol",0.012660333381700185,-0.1566242273012904,-0.026617564554544518,-0.2876651516991933,0.021985082389583112,0.015285813454020173,0.013040327640965188,0.012683694316237962,-0.00906391691771205,0.009193526874769304,0.008021858319989406,0.008749641233516741,-0.011921408550861087,0.009031694430523204,0.00551581445976808,-0.009225259331433335,-0.006774033494657487,0.005272921132554984,-0.00880613480170723,0.004495844436032712
metacetamol,0.018621940065317578,0.01824276217914505,-0.01638403370439644,0.019608970519564332,0.01909988256997571,0.014620302185778403,0.014409568956574125,0.009788252956940495,-0.00859022476473102,0.006513928098239477,0.011243456768505793,0.008295459197187383,-0.009946916602307787,0.008057279920095526,0.005537930482972418,0.07066195922190066,-0.0074689361200903975,0.00462798199915091,-0.009525974679037147,0.003838711024129427
mefenamic acid,0.017378011781242094,0.018952838877161413,-0.018864480648427162,0.01906062555724202,0.018616536868663387,0.019062650671898156,0.014443598397370805,0.009571622301242314,-0.010284361020701908,0.006062531742980355,-0.08730152112266296,0.00901041931574582,-0.011088327471548837,0.007528774339065421,0.005395276128348996,-0.007329067726833273,-0.006742604193095758,0.004211460252676261,0.01358316912020018,0.004075180997926509
"2-[(6-oxobenzo[c][2,1]benzoxaphosphinin-6-yl)methyl]butanedioic acid",0.016715285775547577,0.02208016798878008,-0.023529179601650362,0.020331433801442877,0.012076741621551465,0.014446920690687775,0.011281555567968301,-0.0448483655316967,-0.01082204088038351,0.006064153876262329,0.00907376018778046,0.007244032471401927,-0.011622376338475281,0.005674553892911515,0.0049574766171341855,-0.006301233591037898,-0.004477739050101567,0.00425167943998531,0.014531117927740018,0.004044393451392049
"1,3-benzenedicarboxylic acid",0.015519923622341595,0.019718007731074835,-0.022091505732907815,0.01927578943347376,0.014264297648811548,0.019611800554081966,0.011999180978477502,0.008020238615773941,-0.008496338234925554,0.008713978055597042,0.014304816559437872,0.006161496803710739,-0.011455709067046812,0.007142915701574216,0.004735543668445573,-0.008621421950382891,-0.008183099977058402,0.0042509591012052485,-0.01097918179244726,0.006220682535875732
"2,2-dichloro-n-((1s,2r)-1-(fluoromethyl)-2-hydroxy-2-(4-(methylsulfonyl)phenyl)ethyl)acetamide",0.022910309890698043,0.01961104523774702,-0.01617774744600047,0.020972310820870914,-0.24821059658566083,0.01425095538624373,0.011718018908639351,0.004144137044764648,-0.01033140055486092,-0.1688949162834215,0.012603959482374194,0.00912188272830099,-0.006878185187997587,0.006685501352505526,0.0033269782833331195,-0.009564511130669416,-0.004829674438056828,0.004208495304874304,-0.008068001719934728,-0.019627684134993613
lamivudine,0.021379410511508466,-0.12528078247281882,-0.01966049607226902,-0.19902544244453566,0.01888368371353863,-0.0761004927794329,0.012993312146306077,-0.04382193145008841,-0.008272303859709305,0.010053269973159331,0.00786239757159213,0.007718320099502307,-0.009831746786336831,0.008748980838499848,-0.07001410921460244,-0.00854660140061848,-0.006824468040855815,0.004840374146162957,-0.006874078235196066,0.005603616346543276
311-03-5,0.02320897380760081,-0.20239815499305092,-0.01573744303372223,0.014540957828300763,0.01900385295583484,0.01318911217222194,0.009538230401418072,-0.12743203655890414,-0.008352086541313577,0.005635777911437411,0.006839703744709757,0.00844619370005343,-0.007945513957350029,0.009213951243062703,0.007402338065891985,-0.005462670973709984,-0.005513885316644779,0.005971863223289152,0.009595660794267522,0.0037050883326030866
theophylline,0.014828713899646987,-0.17930156990198487,-0.027664791623881847,0.015498685624423325,0.015746917759993678,-0.11252781456513028,0.013536580185340097,0.007913836559084965,-0.010859168030934101,0.005763932330955868,0.012481438425999263,0.006814132969038011,-0.010754747407475158,0.007295236518363129,0.005075026365632105,-0.006080668929936853,-0.007655312685905797,0.003736379407048596,-0.005598351886758544,0.00407871165750707
gsk1278863,0.013789788829575022,0.019589300076650034,-0.02110445284738186,0.020854921706098442,0.01820216802591555,-0.06853926431931011,0.01605559660686898,0.006744908534862285,-0.010333321563884964,0.006475262033776137,0.013234881540356583,0.005476668401533971,-0.011019179048829148,0.00796826183097437,0.007967649463262963,-0.005542584775957948,-0.008615474609020263,0.0046518864000123965,-0.00843911175072814,0.004020780708779057
trimethoprim,0.010656735251768624,-0.05866523200296797,-0.01320566922656326,0.012656428926204626,0.015878092624116106,0.014055986444711835,-0.060453970189023494,0.002582520258383738,-0.005391985108171866,0.007020340246508567,0.006694363610349683,0.005146002940673498,-0.009979803943488151,0.01025166945910314,0.0059490784984745915,-0.00766575245707827,-0.007683102152732317,0.0040671392866215685,-0.007128325413614221,0.004965001279178978
sulfamethoxypyridazine,0.022126062707511666,-0.11913660264124473,-0.024063707078319112,0.018924110263267267,0.015066364287340548,0.01372724632295558,-0.07461336506287353,0.004938553525792031,-0.012161434713194126,0.006409419777241965,0.011125046749966713,0.00556732872360044,-0.008419541850505538,-0.10116941275600085,-0.06681992883295976,-0.008460280368859116,-0.0022504449249510115,-0.07299963206495817,-0.004772027994437735,0.005240049495146195
gsk2598883a,0.020391570929084214,0.011692049786360193,-0.019599664780484673,0.016340829804768354,0.015029113653621867,-0.09791741468373272,-0.07231136191035926,-0.05314520213243408,-0.011268824500093614,0.006015591451806747,-0.10170912679979405,-0.1451765672125683,-0.007483057855442893,0.005401513888661741,-0.08143968736151463,-0.0071365199318172146,-0.004707555180393683,0.004200659847982219,-0.006772575023433742,-0.021509148611017475
"(2R,3R,4R,5S)-hexane-1,2,3,4,5,6-hexol",0.022017673915448538,0.013527716117335786,-0.015956883273620406,-0.2683093242832838,0.013942313465289772,0.011000761773524572,0.009466144463134697,0.011268491778711904,-0.009565514534355316,-0.21831836631468468,0.007069031234423165,0.008278754689818016,-0.00883192249290005,0.008712342879618518,0.004488031410703116,-0.012641525393999473,-0.009040424972699839,-0.09366427284305609,-0.010307577648112784,0.00372570054262178
sulfamethoxazole,0.017568904584488336,-0.08641473367083381,-0.018429001548109225,0.010988992550614057,0.012186121583217755,0.011294075904035708,0.02210652708762791,-0.013760170147928874,-0.0078368715812976,0.005889623532886617,0.009170806505542714,0.0039678028981434185,-0.009929613490960037,-0.09034763869773452,-0.03691182923112865,-0.007314610016741425,-0.0019090906267520038,-0.05493592279231961,-0.0034688504822697726,0.0032843806131131713
hydrocortisone,-0.42090332306506223,0.00899750756406604,-0.013334255666765481,-0.20101892086692866,-0.3767458812419196,0.008616152675264553,0.009983040186440728,-0.0006002907599546838,-0.006477025915307119,0.007790032780788655,0.006721015843898688,-0.1743261881308672,-0.006050909780709238,0.00581834450117943,0.005079698619533702,-0.007810189656444587,-0.006178563565511771,0.005244149579962898,-0.0067844479433144525,0.004267380468051366
ascorbic acid,0.020138812328325,0.01845987316771516,-0.01593439453074825,-0.18622074260673255,0.013860027425340376,0.010241501620213967,0.010622656415158417,-0.12227534953270514,-0.00622856547406991,-0.3122268201985644,0.004442646417446667,0.007572630801005289,-0.009566543007567815,0.00902817622735165,0.004572601969779498,-0.005634699760425065,-0.004926117922339472,0.00654756868675031,-0.007408480795187643,0.007105467729736119
3-pyridinecarboxylic acid,0.02404076735760706,-0.1685832926361521,-0.02248091793968342,0.014503009448308147,0.01671479485463351,0.021257707777937562,0.019976963153215666,0.009660299551760544,-0.011224831464181384,0.006590403757872992,0.008289817056283937,0.007236590299289673,-0.007175602339557372,0.009174676698166876,0.006095846502212225,-0.006083857388363564,-0.006902242459570214,0.005352688662242144,-0.008676753011895926,0.005686574136974136
piroxicam,-0.25265320262600044,-0.13757426110727725,-0.023406666658912355,0.020666122967744567,0.013628739464443892,-0.078028138349274,0.011172683037096119,0.006557747199793604,-0.010955130237834532,0.004067338069407491,0.008273984475086937,0.006894056338669976,-0.012197191317362532,0.0029484670840888394,0.006363659709425823,-0.00868396112800318,-0.005320595945109484,0.005420065173515294,0.01028696061491939,0.003230253093778239
Sulfapyridine,-0.26998608443325794,-0.1570709045095282,-0.02023161779528891,0.018517773149505957,0.017817939378219308,0.017107163729233432,-0.07096389975056809,0.011078634918849275,-0.00822403425070661,0.006169867949047329,0.005134069290870684,0.008163289137009996,-0.010004109959127164,-0.07907962557132123,-0.07828449802962495,-0.009159352289480012,-0.0003877341222323593,-0.08708966925139067,0.015579636430338724,0.004815361102519091
sulfadiazine,0.016448545912842293,-0.09597651727288053,-0.016027565707563553,0.014382757081780256,0.011374850127583613,0.00928733763200171,0.013338754134686041,0.0004219053868223454,-0.006865987621281988,0.0052754347248492196,0.006201175976880222,0.004014899782496286,-0.008281649054633817,-0.1424769512169678,-0.05813053734632348,-0.007572059346341575,-0.0028492321964313306,-0.054581025854578795,-0.005569737548542548,0.004375660996990973
fumaric acid,0.03358606549406735,0.022658946820301933,-0.018425538094079458,0.02502306675298314,0.017793151230822937,0.013282851376085697,0.010079602572416963,0.005587445492662178,-0.009000758945961328,0.001525713522132719,0.01229684875526194,0.012671152224065736,-0.005246384868078167,0.004467017288164546,0.00540741594152981,-0.007523726173167235,-0.0028917380985270334,0.0048620113928821715,-0.008253987159963193,0.0016729522217065098
N-(pyridin-3-ylmethylideneamino)pyridin-2-amine,-0.30847060711609325,-0.1453712932879959,-0.015577613245371442,0.015034021664869215,0.019109911520790775,0.012704688247273832,0.016939583482768892,0.0032082122837406735,-0.008973389876094492,0.00352477962738097,0.007229723155517907,0.007578132879474044,-0.011492858753699695,0.006028883390439052,0.011284344449389513,-0.007857976300777713,-0.007392143486746741,0.005894667706246158,0.008391751988553247,0.002465302544563504
2-aminoacetic acid,0.0203647242005718,0.008432269230906399,-0.03383274710826299,0.01641549382995436,0.014617434601532295,0.021207532633015946,0.008648652131560084,0.00586423202959395,-0.01218721246514633,0.006359285841826931,0.01197366119005892,0.005159642699582037,-0.01682692650044828,0.006875916504213819,0.0009386936981491089,-0.006184881780332035,-0.008481496503700328,0.003940111442852868,-0.004912694350357469,0.005273147666521254
glibenclamide,0.018144675046942213,0.009633443930470094,-0.025454471380040786,0.014499472755824172,-0.32755179595960726,0.009970035179444494,-0.10713912791722578,0.0015648806457011233,-0.011578627845583469,0.0023954465891347356,-0.1268449100166481,0.006988577759420878,-0.006683761673514255,-0.15728490267494635,0.00223211119245434,-0.004737036149426785,0.030076255911535555,0.002540726797847128,-0.005433561005660294,-0.014453731649950896
