solute_name,solvent_FP_807,solvent_FP_1057,solvent_FP_695,solvent_FP_1143,solvent_FP_222,solvent_FP_650,solvent_FP_80,solvent_FP_790,solvent_FP_1683,solvent_FP_1238,solvent_FP_565,solvent_FP_794,solvent_FP_1444,solvent_FP_1,solvent_FP_591,solvent_FP_674,solvent_FP_1155,solvent_FP_1088,solvent_FP_1017,solvent_FP_294
butylparaben,0.06689872468393879,0.005980842026045138,0.009322618553705978,0.005908994892653938,0.01769154019464986,-0.0024425388895178914,-0.009688419577569902,0.00016106410408974625,-0.0029792205323101372,0.004157688113802578,-0.003421891247940948,-0.008279945770009362,-0.009535730759358558,-0.002087718474722351,-0.009430256658248252,0.0038102998522372223,-0.003565071585045189,0.001962714292370947,0.0030623485913674814,-0.003032805739909236
iodopropynyl butylcarbamate,0.060583115873942,-0.006108635469063302,0.007887598253546457,0.004766228045326291,0.017195394998091917,-0.00043842930141787894,-0.006748910423543748,-0.005052233088675469,-0.003329722279419608,0.0017088155852191752,-0.004563474167419675,-0.02133443336082261,-0.008947119979717777,0.0031222369279324384,-0.011987263463361918,0.0048472665661029165,-0.002339962424618231,0.003247064572727443,0.002436977724501048,-0.003186318284745842
frambinone,0.06547953068244625,0.0007707688662412692,-0.0022355937968313805,-0.004487193351101268,0.0009486711750150787,0.0028835880343910957,-0.004204153601442613,-0.0057022452235833045,-0.0009575451909677212,-0.0010543180228592063,-0.0034725642779540066,-0.0013101368353272843,0.004996937123405587,0.0002456279598322908,0.0023768133189491893,0.003630356001026485,-0.002320598117510144,0.002133645306867038,-0.0023198142312867275,-0.002434201122414379
propylparaben,0.0764355395043943,0.0007223540220911673,0.008724258909023773,0.006510763956741054,0.018673900633909096,-0.003047833620242576,-0.006336153902929406,0.0012795977350621493,-0.002708278139222481,0.0027610646295124753,-0.002977756163412171,-0.00850923954960687,-0.009816374279156055,-0.0008550313874548009,-0.007263654211941078,0.0041363537377522635,0.0026184732930020493,0.0023181772882162476,0.0021312849287035834,-0.004612469415123996
2-aminopyridine,0.012583864710308262,0.002331148195982677,-0.013286424470839848,-0.004471347763290396,-0.00417590481375737,0.005568761728505706,-0.00086531450268194,-0.008365681106515695,0.007093381376849721,-0.01279550023045158,0.014424500840141264,0.003905330864314692,0.003525916537459125,-0.000439746132129585,-0.0015810351404434181,0.006443892505776603,-0.0034146739492571217,0.0026817318930479816,-0.005128367008113856,-0.000524173520712793
diphenylamine,0.06308365946116586,-0.009008398940980746,0.009294094572032919,-0.007174312826943303,6.0142694280027e-05,-0.0007480788587417919,-0.002541696811261621,0.00010318740722141228,-0.006226369126864788,0.006102379641621762,-0.0034087906774523924,-0.0025507518329565453,0.004533267620839373,-0.00019331686745924044,-0.0012036865351789554,0.0018058585509910094,-0.0035354907031190427,0.0031832275580260714,0.005343410774718602,-0.009362541326305896
ibuprofen,-0.00572121085871105,0.004090042387296207,-0.0037142551302053167,-0.002688537231722337,-0.0006894514192407332,0.005204521251494886,-0.00015595952442591069,-0.004022546539956103,0.00036651883074901654,-0.01306097511882938,-0.0008303455427637717,-0.0010589787769248247,0.004626025633460139,-3.504781638858487e-05,0.00244138211422675,0.003776433962561728,0.00012390101796983002,0.002542153519342281,0.000879783930158737,-0.0011117818659483788
triclosan,-0.062006893078360006,0.020971256556404114,0.0066092825392479425,0.02560746731918698,-0.01202630426561882,-0.005592358395647352,-0.000716387912616483,-0.0005276098214017111,0.03219382942972516,0.0013570639671888784,0.08139357238640514,-0.0015516928538636416,-0.018566502560706796,0.007360341237508692,-0.0010431140095533923,0.0018053992078785085,-0.0019839520089590225,0.0010711886058106755,0.00168361726196963,-0.0024817457077006113
4-hydroxy-3-methoxybenzaldehyde,0.008791098969122687,0.002196837841584056,0.009768721234916787,-0.005106228803949004,0.008605198051445767,-0.0032600295504380487,0.000646604296941101,-0.010355620236841787,-0.003390535159317854,0.0047970569547154205,-0.004110492482553431,-0.008195519084013845,-0.0005491739894083972,-0.0008505590778440821,0.0017861189143998975,0.002679932966530032,0.0006193940381672291,0.002486121125839418,0.0028415912307779463,-0.0023990485738249845
ketoprofen,0.0466363096970739,-0.008285053107510276,0.004088077314382434,8.276435368665822e-05,0.008782584786528717,-0.0026654139919376645,-0.011371266251893618,-0.004951446334906415,-0.004240350076288451,-0.0030581378491311064,-0.00459097727084904,-0.0025674423104115143,-0.0019179978835661762,0.0007646238234617788,0.0006951666354080563,0.003915930326469467,0.0028405722337153678,0.0016758630117888408,0.002069103115947935,-0.0022216647651825605
"2-hydroxypropane-1,2,3-tricarboxylic acid",0.0037864965424573294,0.026160026236284464,0.008072021109174703,-0.00626158319956217,0.003494099669372769,0.00396363506160097,-0.0030646198956649395,-0.0014866417826917978,0.004548817838304703,0.00020949008140798292,0.014493880241428668,0.0031447110835671824,0.0026669986880898996,0.00446319206310198,0.0033807173115283974,0.004390260866507974,0.002685538109177618,0.003635380553416987,0.00490124699854112,-0.0006304904295128919
gw640129x,-0.011619980895753543,0.0023393220282923724,-0.003527127383144034,-0.0080583997713602,-0.0017370878920473839,0.0025127953543074002,0.002328498736618826,-0.004494187635274103,-0.004164463044477088,-0.001714636471877384,-0.004239661015008096,0.0035654345474597448,0.0020979952248635528,-0.002829063844053053,0.00218278705913508,-0.0015413735906877263,-0.00037092252902584736,-0.00011341468662431038,-0.0021243150163409155,-0.0007679782218956462
(benzyldisulfanyl)methylbenzene,-0.018280318957200503,-0.008139947569721698,-0.00435825289147033,-0.007831322231349986,0.014964072000875604,-0.0037278328836073344,-0.00435613270640897,-0.007125754255699576,0.005343332644450128,-0.011203930569223305,0.014287025536512375,-0.002151372742292097,0.002351315650004835,-0.0010777945457157332,-0.000864390535358325,0.004612592807796318,-0.0036656908777076753,-0.001176440944778733,0.00044881216618523467,-0.005662966920353937
gsk2904390a,-0.020718032641862005,-0.001622878285652405,-0.012523204755725601,-0.007949794387895963,-0.00248416322987282,0.002651663462031593,0.001412501790219949,-0.0007765215690460537,-0.0029845588701800808,-0.0017371016255526685,-0.0055903580991241595,0.002638082640469861,0.0033395120418708755,-0.0006816911547775819,0.002400883610454798,0.003962681983630319,-0.0008593133150770882,-0.0005399649679952744,0.003796145580954544,-0.0002915189475083935
hydroquinone,0.0987054725226335,-0.0109343612964949,-0.03996385247599392,-0.009229203679315106,0.008154354915423028,0.005055768194761186,-0.019671290292953926,-0.004570085927025502,-0.002143461723371729,0.0036944770682021044,-0.004242252059702877,-0.0073484037915477534,0.008021791606697661,-0.0015258344941503311,-0.004615319519816694,0.006488433270169481,-0.0023301281418389407,0.003100237028593256,0.0015777074977449956,-0.005175138970535044
Benzoic acid,-0.0033156250587031222,0.012051199105487244,0.0035104331911632314,0.0015535334104899209,-0.0009652938707182805,-0.001093580782358992,-0.004104894286158568,-0.0015208574344369877,0.006078936614511527,0.0003939218446485822,-0.002538261231677651,-0.0009295119840253791,0.0016144392981012694,-0.002144240514228485,-0.0002904452170281255,-0.0015572040819658826,-0.0001865413529302044,-0.002996735295852451,0.0018222457374308166,-0.0007347071748217391
"oxolane-2,5-dione",0.011367056894050619,-0.012116405215674603,-0.01144543804267414,-0.006108007483562688,-0.009564986920308912,0.005756614451879614,0.0013812018809449,0.011862944606373278,-0.003289437409748643,-0.026715863466120027,-0.0030328604731494125,0.003515215519365711,0.001047704274133139,-0.0004387716630844807,0.005025446218041907,-0.01572941795928273,-0.002803521398218436,0.0013752838050004356,-0.007933989734428906,-0.001119427464409455
salicylic acid,-0.009793048887836631,0.005672285508346249,0.0011694328981917354,-0.0007514724627355464,0.0004134678870042991,-0.0023106978941897977,9.187733206090343e-05,-0.0037577089272526794,0.0061116092397802265,0.0016386847872257929,0.003590970639456646,-0.0001557618346269011,5.5421072973786095e-05,0.0014555464875680626,-0.0003781746926351841,-0.0008766137095077282,-0.00137273621941531,0.00033026557458942985,-0.000182446490348957,-0.0012203959121128718
Testosterone propionate,-0.046708041393021635,0.041566166970546874,0.007659588865863043,0.00036561240459150187,-0.007211828196443549,-0.0040284380490106745,0.010684160415203222,-0.004149361528252484,0.004295565647394141,0.00263264135731788,-0.0052467416013132605,-0.0018331364376939516,0.0132191593221944,-0.0006406125707076171,-0.009502536276324918,0.0024744020627349528,-0.0011216212643626023,-0.004505687414148269,0.002076463791536298,0.0004717555583658848
4-Hydroxybenzoic acid,-0.010527258432082817,0.0023637189837027108,-0.001362015558166604,-0.004484741183897313,-0.0024381424643061113,-0.004492579216337618,-4.784043232666617e-05,-0.0010350502914061508,0.007965499383906716,-0.011419462874786403,0.013729866059831694,0.0007245948496620257,-0.0027491836499357308,0.0012852590343645717,0.0017177089079268627,0.0025676177369678044,0.0006387861592706941,0.0006391293448905344,-0.0010252997329844218,0.0003798191927526204
d-(-)fructose,-0.007970461802566811,0.004799885834751574,0.011810877947355039,-0.0028769868155692773,0.010548032794322357,-0.003628361757995056,0.011696058615917763,0.021165272035753635,-0.0009680631829542108,0.0061281800926371935,-0.003046256905217888,0.009301605671888258,0.0020152942920928277,-0.0033054646884071795,0.0028543791635214197,0.006678018867775488,0.0145712489047825,0.001204314207182809,0.005715121295167289,-0.0003070275505948908
Testosterone,0.000381260495460084,-0.004356226346944822,0.006857504397921731,0.0721012234859912,0.012727182197424252,-0.006146408376765369,-0.008143598455108076,-0.0013835312722161083,-0.007038421391007432,0.002562082355786212,-0.008117534373517022,-0.012275856070021594,0.013352850976158757,-0.0023563495755267163,-0.01607224857263039,0.0015873654106690084,-0.0004128310280915078,0.0026557234045503724,0.0009507388176067858,-0.00635525425634872
sclareol,-0.006335443379284697,-0.006452630924567612,0.003027030203177426,-0.006262538115252855,-0.005632683550962115,0.0001301516155134859,0.006144350096467612,0.0007447270956105391,-0.003954121330385863,0.0002085532476485242,-0.004587497559754907,0.0006017301799693089,0.001628556213856262,-0.0017099212869884056,0.004671078793121111,-0.0014761463642521864,-0.0020651177137485568,-0.0016871526635507258,-0.0003140940271408577,0.0007995832523490456
"2-(2-bromoethoxy)-1,3,5-trichlorobenzene",0.008006104481958444,-0.013318409871608308,0.00981531399593223,-0.0015806249365907987,-0.0004201679832320746,-0.0061645354762809535,0.003562736936581652,-0.0001446860580056504,-0.005083778908260034,0.0027959856809632454,-0.006814254658934911,-0.0024508148320663693,0.0006655093805342665,0.0010038854700711193,-0.0012542498508745276,-0.01115508691582363,0.003137170876705438,0.001066876289143173,0.00015689370916723938,-0.0031773580046813416
"pyrrolidine-2,5-dione",0.022052743714363412,-0.003366744568687256,-0.010372357132121883,-0.008983392915990105,0.00021050323533927431,0.0019234027777990075,0.003641555295565316,-0.011967414547531613,-0.003352588131965604,-0.005401134424061334,-0.004437731840504664,0.003854060159850785,0.004270582957469742,0.0006008394812609672,0.0036180652510847725,0.004013626278594226,0.00561856468865244,0.0019840528785668235,-0.0027268666325047284,0.0001042983847219147
phenylphosphinic acid,-0.028336701852440454,0.023043368817525334,0.005177170411116094,-0.01327792318209807,-0.006379232787809694,-0.0031404834545901393,0.0312614799862907,0.032483595176454404,-0.004712107097050952,0.0018865359326203663,-0.004926864865641012,0.009747463035916249,0.0031388152887423834,-0.0013280485481664073,0.009412487209204604,0.0031728491673614673,0.013646800262091953,-0.00859442580731411,0.001251633447088049,0.007135026712597514
gsk3388354a,-0.0465490412442523,-0.0046304455125963226,0.007702132370603587,0.00265194318536617,-0.006855842892438367,-0.0028098147812332694,-0.009673566163237736,0.006836243818463897,-0.00723956173593511,0.004310428159998472,-0.004266290604848889,0.0018218664185146087,0.0023081967654798065,-0.0007423783450563601,-0.0027472262269865105,-0.004317950998198024,-0.0028175641872154045,0.0007123778473396668,0.0009556936131100104,-0.00714503442538054
3-[bis(3-hydroxypropyl)phosphoryl]propan-1-ol,0.0500392627333505,-0.021289891613175443,0.01499115457181428,-0.0046031583926170625,0.01596950680935801,0.0026576046250816683,0.006895045614215374,-0.006478817730619215,-0.004439656508516887,0.007589872885704868,-0.005784755590170139,-0.0012700604560450305,0.0031528470647702177,0.0019007253330398397,0.0005250620758397417,0.004037760518435139,-0.00041470603937601236,0.0026872452280700338,0.0035563070378598883,-0.0005840618582598316
4-aminobenzoic acid,0.027267736941648763,0.00025452041900947094,0.011012432513098854,0.0016951354206030376,0.009224148279875105,-0.0030907894011543246,0.003607908520888789,0.005485879356590885,-0.0050916320584801725,0.0038931590621262635,-0.004238169702415083,0.0019009764859785417,0.0032890937934528966,3.72492165539975e-05,-0.0009334025991617335,0.003908108783871284,5.512794518896653e-05,0.0011347540473810416,0.0025219866299145605,0.0005756424821156543
acetanilide,-0.03599151481317904,0.0020582682090969223,-0.008946589640250975,0.02738240679625051,-0.0017612427073061098,-0.004235307244584874,0.0036776321119219805,0.00997250616387987,-0.00120479121114613,0.005121800698368588,0.0023798487017768362,-0.0016473371425735196,-0.006882285801644912,-9.340459010331875e-05,-0.0016510240229661117,-0.002934208561937339,-0.002658336753252115,0.00015122441542189322,-0.0022850087719280057,0.0030738554979234324
haloperidol,0.0028486703896424635,0.0033174978183048475,0.0006909757576991418,-0.0036757518760910336,0.0006344750840309227,0.004583020072529437,0.003276889099622797,-0.005437438159645423,-0.0031396358162629227,-0.003029381795556848,-0.0014203950321335956,0.001229975157576658,0.0022519721709445897,-0.0005171021601010859,-0.0004423509867750069,0.0034135168084825497,0.0022822175051680047,-0.002099977473648883,-0.0007025974633982584,-0.00024050632754201966
naproxen,0.003074206665623639,0.0013130626805996728,-0.006288985379621496,0.0025113011518850164,-0.0002715179908881832,-0.0019322808514962455,-0.0014171648707571743,-0.0011713039120390492,0.002292864630840232,-0.003663976308148302,-0.003783766028406218,0.001344583096144649,-0.0004732518327167663,-0.0009292423843476904,0.001757022161323954,0.0008332380598262863,-0.0006060478900525918,-0.0011353773849297737,0.0005064914730410824,-0.0004196675570869223
phenacetin,-0.008736950509732456,0.010088897520781756,0.003722253540055525,-0.003999430498167515,0.006076943765335401,-0.0035600236649764023,0.005719051675404703,-0.005844012022787086,-0.0005778034236027452,-0.004612986349793573,0.0017506780021169887,0.000994539132678613,-0.002879796022369711,-0.0010299474834508666,0.0012817135791224896,0.0034269952680395883,-0.0016434475918166364,-0.0003798105894955893,0.00032522650988409753,0.000755212183650136
carbamazepine,0.015108120291230081,-0.003168555556811043,0.00490953143157094,-0.005353605006129329,-0.0007085102708970223,0.0019661038963186004,-0.0004331740899692703,-0.00370560764379843,0.005431714552942139,-0.004798763264829178,0.007095212754096793,0.0018422645965042645,0.003972584841867501,7.116094005868948e-05,0.001964481809600329,-0.005302297171123428,0.002563405049961148,0.0026582005422478685,-0.0013285854331006705,-0.0007829492697565005
gsk2894512a,-0.07719041848074994,0.02094868730374704,0.009856978513598734,0.008320287457002752,-0.006586695064129344,-0.0068362506208056095,0.0017283012953324337,-0.0022757668522535826,0.030730800553901646,0.004982994534560324,-0.006778969956782627,0.0016140793936331953,-0.003986458786372774,-0.0027719203027724384,0.0026228115986396006,0.0027541741155224977,-0.0018878617333393775,-0.008703477846280899,0.0014032154851823483,-0.0002562096567756574
gw342946x,-0.003753327269232614,-0.01533739582686394,-0.033876529866596075,-0.00593942771373501,-0.0036748048677903472,0.0056258212486591215,0.0006135438574801812,0.00634455970897155,-0.005469978173083897,-0.008531038533243798,-0.0031324351711464263,0.004852362679377316,0.0005096946856247087,0.0008968278602454425,0.002507019451704764,-0.0033557155746893838,-0.00046799761222852493,-0.0003002035508507107,-0.003280252551985541,0.0006157364296511028
quercetin,0.014022424677700655,-0.006281235291780831,0.008012444722280633,-0.003693555340569219,0.0038696740911109357,0.0008956272393606923,0.0005333265049330292,0.0037222513846108993,-0.003728043969531427,0.003727458303237654,-0.006607430654257769,-0.0015216074711952386,0.002302216390853573,0.004712342149205142,0.004641301302472129,-0.003616304811689588,-0.0029308794490407308,0.0030423574930591715,0.006639457145311098,-0.0006596572426042259
paracetamol,-0.015737095554584708,0.000806673858664558,0.004298413632231079,-0.002808740160131632,-0.0023247618849046164,-0.005817333625001573,0.004861630378271772,-0.001322075644391309,-0.0013851886520289834,0.002738702757072203,-0.0008359813173365185,0.0012492433483437429,0.0010471934289090802,-0.0006387039363633344,0.00101863567359872,0.002694843350120314,-0.0009200469032237797,-0.0008513427800086831,0.0018932910815930462,0.0027353539724607307
lovastatin,0.04274072366433591,-0.011400057436294447,-0.02466638957522677,0.002377735274438402,0.001596339510823038,0.008549342390923068,-0.002776118522760126,-0.004792096866301356,-0.0049564463699293395,-0.002347077777352421,-0.004309967748529082,-0.001662066980053086,0.00356835281468441,9.45157606450018e-05,-0.001115862144119588,0.0022103216983743383,-0.0007629964159832525,0.0034781402850983965,-0.0001636407519254135,-0.0014910374886816997
octadecanoic acid,-0.04514110426953266,-0.008460803128230813,0.007417968229334898,0.0029808341502363563,-0.005642991836809112,-0.002944556499096507,-0.004252246124985201,-0.0034254855879165317,-0.007199617094059553,0.004049002702862102,-0.0056100761259100795,-0.010979757602641865,0.011070640310293431,-0.004041447075251199,-0.006500719292101469,0.001923567208298967,-0.0037439296685624866,0.00306192505708168,-0.007140878586627271,-0.000531899183100298
"(2S)-5,7-dihydroxy-2-(3-hydroxy-4-methoxyphenyl)-2,3-dihydrochromen-4-one",0.03243120785624342,-0.007899876391932464,-0.0018340888324330864,-0.008458446467183032,-0.003231946131368854,0.007911687461866157,0.0023196526315769003,0.010448508644463539,-0.003647692931865874,-0.0018351676740296953,-0.004601567756076942,0.0024422679466286875,0.0017769758461924669,-0.0030274934951194155,0.0034587982441163538,-0.003798591884276123,-0.0003577689536749469,0.0024452804499430518,0.0014156607338944532,-0.00135819591922752
maltol,0.03636274193559774,-0.008867034860808278,-0.006450915180794255,-0.005959933048120198,0.004379458560826887,0.0026962496698370864,-0.0030223504112004427,0.0035591036074485876,0.0012222098383818565,-0.005012242565734106,-0.0048971088224985014,-0.0016275492415493667,0.004217484889153499,-0.0015679454365580081,0.0011848476755875919,-0.002804234687389278,0.0008224103518352002,0.002580396503564351,-0.00035786676045972864,-0.00034339649874499847
diclofenac,-0.008662105538880496,0.004983120977055477,-0.004382863887616622,0.0043736528418535274,0.0011691405315655177,0.0020766183187074603,-0.001011072006244831,-0.006528348594913041,0.006343297492170679,-0.01349542973204916,-0.002214950325003884,0.002205416504212053,-0.00030348832668460084,-0.002820031910153375,0.0017865289342717003,0.0029127755510453424,0.00041389956000148227,-0.0010087583408012507,0.0003043445971297842,-0.0006873649811868744
"n-(1-oxopentyl)-n-((2-(1h-tetrazol-5-yl)(1,1-biphenyl)-4-yl)methyl)-l-valine",-0.04747101833293224,-0.0022093290099534594,0.006403713018832302,-0.003683359907833316,-0.01310667454233832,-0.003632639367133379,0.020597141655137725,0.02008767513571608,0.012871615986041434,0.0025799821298278405,0.04010606093581069,0.0068736226294277,0.0053405489575137225,0.014999349942978977,0.0038098236340253304,-0.030905190768711083,-0.0037556652902033722,0.0021203562323353253,0.003562954815054885,0.00030085445045187966
"3,4-dimethoxybenzoic acid",0.04112284559359978,-0.021833194743344393,-0.00959460417219816,-0.004988670994479208,0.007946306186377115,0.0016820485757841645,-0.006472227337218755,0.002695107032488977,-0.006199864901072942,-0.007147212562817913,-0.005922836178798434,-0.0013656024078045447,0.001405389238866519,0.0006295158778061704,0.001592730323179694,0.0024501796511924565,-0.0024944265579233617,0.002328035132259174,-0.0033876885833115013,-0.0012206178496910526
isoniazid,0.04259625979854491,-0.016518159360521166,-0.002263512779049962,-0.009206865183750778,0.0027656905184835524,0.015076692982513577,-0.00029962703159071725,-0.0038315897518987185,-0.006242730675903659,-0.023771327739473234,-0.005419512283933728,0.002063378484099303,0.0024276343431120038,-0.0021842892330914765,0.0022117987512547187,0.0031316692066320683,0.006313285826472565,0.004774465141531436,0.003736200583666687,-0.002808921350660967
"3-((6-O-(6-deoxy-α-L-mannopyranosyl)-β-D-glucopyranosyl)oxy)-2-(3,4-dihydroxyphenol)-5,7-dihydroxy-4H-1-benzopyran-4-one",0.06346984325993876,-0.009553693158502158,0.004435972437656477,-0.004682397583012842,0.0014243061383032401,0.0007969239608441311,0.0003405658200569759,-0.004872379069877622,-0.005397274657765852,-0.002687655583574399,-0.006988568491287878,-0.001510450364980248,0.0028110027113091613,-0.0038715793606245693,0.007413125904456267,0.0022083418698561476,0.005513940761624586,0.004367152165411556,-0.0037260918991549783,-0.0020038937546749884
hexanedioic acid,-0.0062456394708124184,0.004567597514496811,0.0012537944351606713,-0.009348907801479527,-0.009172897560824822,-0.004669720095450885,0.004606476834915156,0.020138049646036507,-0.0007318337081005664,-0.0032567108602984257,0.007332679284372716,0.00091954031771877,0.0036961800538256283,0.0033390568638446885,0.0014082301710368482,0.003599779129650642,-0.001984991912943315,-0.0028993703036167065,-0.002279720310780249,0.00134157668221178
indomethacin,-0.023973778456177874,0.005735509035063539,0.007985454657755327,-0.009230010532167703,0.002231336547902174,-0.005023967331544554,0.00444813565575411,-0.03608205865661148,-0.012267892987025941,0.0014989348704693838,-0.009690543078637953,0.002736095043668077,0.0008821612310081642,-0.006278887053288902,0.003404879984639895,0.0015800817421404644,-0.0027027670756797303,0.0019935389425033163,0.003617884437577838,-0.0021186392735277576
"2-hydroxy-1,2-diphenylethanone",0.017930032936166452,-0.011161524359118477,-0.008488827815284216,-0.00758002430215356,-0.0004988194579353451,-0.0018991367737999098,0.0021608919285851396,-0.005639952111247719,-0.006658333261481554,-0.007747717358500571,-0.004988051294218015,-0.0007520753021465983,0.0026055727141768635,-8.270967194827489e-05,0.0016362111048510996,-0.005731789083091978,0.0038485548010658024,0.0022358311138668797,-0.0012893522222801343,0.0010301163686638878
"4,5-bis(hydroxymethyl)-2-methylpyridin-3-ol",0.010007713336135565,0.003973253031381319,0.013757716704803897,-0.003373185250839015,-0.005145994630006499,-0.0028197510888912803,-0.0038857172023972456,-0.004139708702987264,-0.006010004353211116,0.005506827623039498,-0.00441081089272302,-0.0006629877201339696,0.0012418562875882344,-0.00350196445027791,0.003155445757126927,0.002858220006910415,0.0037678812415470014,0.0019123519232016406,-0.004319524890634056,0.002034536343064701
metacetamol,-0.05561900663419591,-0.007509484931791423,-0.013856862486352636,0.0835501410972554,-0.009385113947284683,-0.007533716611155291,0.0031218674981401922,0.0010333588928794293,-0.004466628763439075,0.004879080815100881,-0.003191128684989558,0.0003880755713933266,-0.008405032657194372,-0.004659795925944208,0.001446574944269135,-0.00992839924344379,-0.002157670429200556,-0.0039048584795839105,-0.0030629133702536316,0.0008006054218296616
mefenamic acid,-0.0099794846776349,-0.008307142926369124,-0.0010004101074300702,-0.0013034726762152786,-0.00011389159985810692,-0.0009990820609673393,-0.0007289336695303062,-0.0026844634975823284,-0.005454033421690837,-0.00012990306873325656,-0.003328333489356737,-0.005385655091591161,-0.002083152339854678,-0.0023673940283888443,-0.0029592163091811015,0.002459230211057729,-0.0031285452367374096,0.0023691897478238387,-0.0016572554848826259,-0.00023780488125885302
"2-[(6-oxobenzo[c][2,1]benzoxaphosphinin-6-yl)methyl]butanedioic acid",-0.01382742037293105,0.006885617937549695,0.0009117962270102004,-0.009538533558282627,-0.0013908653241853448,-0.006554752641829206,-0.00024410043162384257,-0.010595922930460801,-0.006213790473880686,-0.006023351259209449,-0.006499590856995686,0.003306499806426473,0.0013612406787686065,-0.002744790171926878,0.003726851388190779,0.0021860961256445284,0.0014646576554150671,-0.0077483736893231665,0.0034437432250827744,0.0012443473725256304
"1,3-benzenedicarboxylic acid",0.044296125971191376,-0.011629324696947992,0.00476919274433525,0.008411837775572795,0.0064933925657204294,-0.004379944845905601,-0.009532285370750498,-0.006538651169718763,-0.006600458038676432,-0.0021880383796927237,-0.00542328630526474,-0.0036785410373396683,-0.0039850191526224635,0.0009142580211916468,4.623915206138916e-05,0.002824419174853924,0.0002594374735025877,0.0026032573624420016,-0.0018475146829797057,-0.0009064886012653845
"2,2-dichloro-n-((1s,2r)-1-(fluoromethyl)-2-hydroxy-2-(4-(methylsulfonyl)phenyl)ethyl)acetamide",0.021282813658010127,-0.00413524622931618,0.00482860675106349,-0.0057446370791913075,0.0035102358371832455,0.0018180087580030885,-0.0018619086328508273,0.005619216692364716,-0.006394527264277712,0.003789200680566864,-0.007669110153459768,0.0005190426692661276,0.0015689791242130013,-0.00453282384151953,0.001526811909368007,0.0028669641971137026,0.002980833792436897,0.004051275778201671,1.373359851641004e-05,-0.0009874020773222585
lamivudine,0.007657383815064047,-0.008666256209473129,0.008166348264518697,-0.005788302119117361,0.00035933953671625886,0.0028690013864032457,0.006613034597324562,0.014868651507855853,-0.0035701317505178547,0.0009683895169337124,-0.004471841480336707,-0.0006153645335810627,0.002801156787033203,-0.0007410435730222769,0.0023782300363958107,-0.0033551311153496503,0.0050052317395996694,0.0040158325702911194,0.005728294567319003,0.0031332438252775325
311-03-5,0.006980861633693556,0.026730679028857725,0.006958086801065032,-0.005909508114500568,0.00022829579650403641,-0.0033178752634181108,0.0011022717209328095,-0.010063550357637204,0.01711178674372994,0.0023177144640067126,0.011864657081522248,0.005866665011631084,0.003990739541700999,0.0008900742733489355,0.002319206312964265,0.003492494107298886,-0.00445906227798592,-0.0010108526023603712,0.0013861133534997603,0.0035799577988707043
theophylline,0.005266726184699192,0.004977607533837726,0.004349722222329795,-0.007053530349887132,-0.0014802732292636476,-0.002528774059433503,0.003179891213015005,0.011815620822528052,0.00032316383902070747,-0.0025978465395085303,0.009582887218632756,-0.00021366547843089484,-0.0012060963323495921,-0.0004230841937070099,0.0038760566621683454,-0.0023198763499947908,0.00673612463005239,0.004355432023032997,0.0007921469559187245,0.0007522230507798998
gsk1278863,-0.0065067047678955235,-0.011920864572014883,-0.02544380108477223,-0.007180729524819375,-0.0037911551777506246,0.013717268442539232,0.0012734326698667549,0.005566014678630987,-0.010092951921803131,-0.009236410171386827,-0.006176494320558656,0.0020766966120997193,0.0027164758789695043,-0.002360358397102876,0.0012628199594594965,-0.008468986026018683,9.277052459159074e-05,0.0004669592636673767,-0.0013887274617688187,0.0020073545384245036
trimethoprim,0.025228749543647382,-0.0006219462714670953,0.007349123955737014,-0.008151808293246176,0.007536016852634476,-0.008389914456054158,-0.001045148178505997,0.0021912578198498523,-0.0047460426254474445,0.003235623702300927,-0.00443716507008503,0.0013058714908083858,-0.0004794782769840814,0.0038886830637011372,0.002851741048209533,0.0012672359336465889,-0.005776020839089142,0.002713193546878756,-0.0002123222645900569,-0.0030987517899620795
sulfamethoxypyridazine,0.02952129380094675,0.009936781865853846,-0.00017930735962067912,-0.003530719437242169,0.0077446000007239495,-0.001293440032163176,-0.0026866552129422416,-0.0036872550003135985,-0.00011667089940601758,-0.0006983591213202086,0.0016223298277020606,0.0003441684717884641,0.0022998658569622424,0.0012945915186458026,0.0003323408066103183,0.003436139811933572,0.0034653090510823863,0.002035155818184649,0.0003667654554897126,-0.0014800382597240968
gsk2598883a,-0.003991510055136913,0.004406439377306859,-0.004531308572874358,0.0008212239774914968,-0.0019746704694154817,0.004317868374966046,-0.0004274074968806679,-0.0040395213140534125,0.003628731464191982,0.0008632216176764424,-0.00480744264659214,0.0008976123928502083,-0.000746904361990346,-0.0010780199759415153,0.0016728242685829693,-0.0015015187811828975,0.00025165102155759597,0.0008321883871790956,5.206179597345413e-06,0.0005336004861786543
"(2R,3R,4R,5S)-hexane-1,2,3,4,5,6-hexol",0.02367979960372031,-0.03465391426971473,0.00798139821602672,-0.0063556757045007545,0.015189776331752,-0.000883154003204254,0.0021579967694015066,0.0036796284253432536,-0.0048636313159586275,0.004009186955605401,-0.005232860608601187,0.0010734583833909709,0.00386994399917603,-0.004250623189924227,-0.0009869434692227515,-0.017919013986975187,0.018345491986910926,0.0016898210662911878,0.00402286619302322,-0.0002264208609994967
sulfamethoxazole,-0.0007869651512137366,0.0028723585056904997,0.009328481054079022,-0.002857797388092877,0.0007351015986641867,-0.017790381484664976,0.010269695476767083,-0.002603882652358152,0.015122729704598898,0.005436919818901515,0.0220571453027369,-0.0005847979064565153,-0.0029669475765695097,0.006878215999870009,0.0012830083359549461,0.0026475136352382836,0.022187884585538994,-0.0018507454064456397,-0.0016721514683740678,0.002108624379954563
hydrocortisone,-0.030197157494261165,0.0007686497835523674,-0.004879571990653252,-0.007269894695443782,-0.012630692155563186,-0.0018958191455370388,0.004502793960077251,-0.008378958719505742,0.012471112140225768,-0.0053000601117825395,0.0012876713659413024,-0.0008774187931411843,-0.0020336172496536165,0.005160901915862345,-0.0006633870850328093,0.0014248014535587572,-0.0034782892326302318,0.0011144654855797854,0.0038461715519072944,-0.0011737222376192828
ascorbic acid,0.010944118318067924,-0.01537397999879977,-0.0011849906925781404,-0.0038822315165671175,-0.007237947723333494,0.004708483453177905,0.011973779921747337,0.06048049215783249,-0.0038765587617235727,-0.005863077566111315,-0.005349847403944295,0.0002618474488808715,0.003544037707259122,0.0015217245536987317,0.0021638389253239437,-0.0066923580414004384,-0.006134147975932138,0.0020329983099654785,0.0010295224535966552,0.0032139117457845715
3-pyridinecarboxylic acid,-0.0543219665333163,0.002748148537963667,-0.0025838906985093967,-0.0045768550575606545,-0.0030834616369823683,-0.0051863374773347464,-0.0006067060960170539,0.03140909984345247,-0.005916110295899367,-0.0221717160199114,-0.0029138605100888526,0.00532989532383605,0.0002344795740524813,0.00045424899153052433,0.0034845411183717563,-0.010544413627527926,-0.002534401229204377,0.0024014295253922077,0.0015944654476334108,-0.002331996786482099
piroxicam,-0.00975007981157779,0.008913575170450452,-0.00478625432552993,0.0030936752805315517,0.001265652024427428,0.017112660016867138,-0.0014630777721491282,-0.006352839470410323,0.0058371826545616,-0.005999686788366359,-0.0029421173144046843,0.001343370578178803,-0.0010437220410728643,-0.0044161512465424975,-0.00010786069155637103,0.0035036039023751595,0.00010520815915134293,-0.0032728033153121244,-0.0026598066380626863,-0.0007201108016834907
Sulfapyridine,0.037193024911393875,-0.005232795193933271,0.00689959740593622,0.013717267110223474,0.0132868878361478,-0.014847312344645616,0.00382975502606314,-0.008853118908537,-0.003341831809011637,0.0018799772143393055,-0.006033245931866987,-0.0036557163103066157,0.0013918815537363118,0.032079070240251896,0.00020907586719658882,0.004780591582675697,-0.005232782165330718,0.0037986313084184074,0.0009875099068449346,5.451841334434002e-05
sulfadiazine,0.025151653831638896,0.00033010460004106757,0.0010547777548470093,0.003650370548192541,0.0032823966142973404,0.006615741609298311,-0.0004879447168565323,-0.003050564906227464,-0.006080194969113108,-0.00012443180362481585,-0.005586245227598283,0.0005669500023785189,-0.0011127714967392424,-0.0013899587992233365,0.0007817415540603179,0.002253112119403795,-0.001096174708025046,0.0038401928269786367,-0.0003358204970345469,-0.0005867413938744903
fumaric acid,-0.1218268056374412,0.026839840923591207,0.00815064991795225,-0.02225813799782676,-0.00815757816300902,-0.007723548807407496,-0.0012292164001640536,0.04349212920700665,0.018147316941018895,0.004273929021389146,0.028295140132977393,0.007771316625782371,0.0038751048721072344,0.013149879905901496,0.0008572681272865641,0.004636700748599954,-0.002685306610995515,-0.005710015602150331,0.0002160834325331962,0.005704777129576542
N-(pyridin-3-ylmethylideneamino)pyridin-2-amine,-0.07401634361727095,-0.0009515929199187667,0.005066129878978244,-0.005340329427078056,0.002989109233937295,-0.039256849256016725,-0.0020817834226090778,0.021082898688506855,-0.009748270605681076,0.0033382843463671936,-0.008877278100335388,-0.013558717275591334,-0.009174891667098563,-0.011414065516801202,-0.014998183581174088,0.0018561048603927095,-0.004383744737036371,0.0046644284688954945,0.00018494663127057725,-0.0009442609459802045
2-aminoacetic acid,0.015111622005106254,-0.005408170607192916,0.007739131537437061,-0.010737056718669464,0.015465036708369554,0.007917007325138456,0.032578514841068225,-0.0038544904846639864,-0.004175270139585336,0.0034069233715308656,-0.003981880045512298,0.0032530251628304545,-0.003716056583252794,-0.0032587312037480843,0.002292980647669083,0.002801186964088629,0.020545500066809837,0.002939493954841055,0.0014244056215648015,0.0037928528201473456
glibenclamide,0.02879707379096999,-0.007308119067638472,-0.008403245927802346,-0.006660127274394654,0.0037660100020741544,0.04460971907974908,-0.0018895758686434754,0.0054328064389846985,-0.0075626055596922015,-0.004386613289472052,-0.007151250209673208,-0.0016211474399909775,-0.0006477588475581797,0.017588826171045183,-0.0025574321524072727,-0.0019152560935754082,0.0112850534484528,0.0026833695807545153,-0.0016964619457712615,-0.003549308962303712
